duration,total_num,hard_num,elastic_num,total_utility,hard_utility,elastic_utility,hard_bandwidth,elastic_bandwidth,hard_throughput,elastic_throughput,total_throughput
21894,1921,369,1552,70550.5,16706.6,53843.9,30643.6,354699,270544,4.25776e+06,4.52831e+06
26074,3009,530,2479,102443,23587.9,78854.9,33364.9,325202,344592,3.91707e+06,4.26167e+06
24900,3655,591,3064,118961,24565.9,94394.7,35938.1,345411,352560,4.24118e+06,4.59374e+06
23254,2373,452,1921,85140.2,19741.4,65398.8,28819.6,343423,299616,4.3454e+06,4.64502e+06
22729,3137,538,2599,106375,24167.2,82208.2,34759.5,338365,337008,4.1617e+06,4.49871e+06
25457,3764,638,3126,122442,27184,95258.2,40915.3,331505,401952,4.05927e+06,4.46122e+06
18308,1947,364,1583,71129.1,16862.4,54266.7,31059.3,353756,263280,4.18532e+06,4.4486e+06
25761,3272,495,2777,106986,21670.5,85315.2,29334.2,331152,275776,3.97981e+06,4.25558e+06
27906,3724,645,3079,126041,28489.3,97551.3,36814.6,333768,425296,4.47214e+06,4.89744e+06
24509,2787,465,2322,94619.7,19646.3,74973.4,30874.9,335866,302560,4.10433e+06,4.40689e+06
