Network Utility,,,,,,,,,Running Time (ms),,,,,,
,,,,,,,,,,,,,,,
User_Num,ApproBetter,ApproFast,AlgDRL,AlgMatching,AlgHardFirst,AlgSADD,,,User_Num,ApproBetter,ApproFast,AlgDRL,AlgMatching,AlgHardFirst,AlgSADD
1000,30489.7,30257.2,23353.2,30549.8,27037.3,30975.1,,,1000,6.9,2.5,14193.1,21332.5,8980.2,12173.8
2000,57580.4,56868.4,43461.3,56610.5,53281,56959.6,,,2000,22.6,5.1,27311.6,21441.1,7026.1,31248.3
3000,81384.4,80347.5,62318.5,79050.5,72185,78603.6,,,3000,44.6,8.3,38914.4,22587.2,29198.1,59888.1
4000,106501,105130,80954.5,100469,85188.6,97935.6,,,4000,73.1,10.3,49496.3,24079.2,70714.3,108079
5000,129441,127974,98644.6,119598,95144.1,115545,,,5000,108.5,13.1,62632.6,26487.4,135682,171094
,,,,,,,,,,,,,,,
UAV_num,ApproBetter,ApproFast,AlgDRL,AlgMatching,AlgHardFirst,AlgSADD,,,UAV_num,ApproBetter,ApproFast,AlgDRL,AlgMatching,AlgHardFirst,AlgSADD
5,58582.7,57949.4,43533.5,53480.6,44548.6,52878.4,,,5,36.8,5.8,17401.3,13081.1,34157.7,68613
10,81384.4,80347.5,62186.1,79050.5,72185,78603.6,,,10,43.9,8.6,39580.9,22427.4,29204.1,59951.8
15,94478,93272.6,73085.8,92962.7,86641.5,92780.7,,,15,50.6,10.2,64185.6,32165.1,19885.5,61134.8
20,103767,102560,80446.2,102039,95005,101992,,,20,52.4,11.4,90737.7,41555.6,42528.3,60592
,,,,,,,,,,,,,,,
User_Scale,ApproBetter,ApproFast,AlgDRL,AlgMatching,AlgHardFirst,AlgSADD,,,Hard_Ratio,ApproBetter,ApproFast,AlgDRL,AlgMatching,AlgHardFirst,AlgSADD
0,70512.9,69512.9,45044.3,69259.7,61747.5,69184.3,,,0,6.8,6.4,24271.2,1067.7,30783.4,21255
0.2,76075.8,74638,55172.6,71117.2,64636.6,71425.9,,,0.2,40.7,7.3,39814.7,22592.8,31028.8,135275
0.4,80170.2,79388.4,65237.7,73033.2,67053.4,72396.6,,,0.4,101.1,7,42573.3,25287.9,32718.6,105150
0.6,86579.8,85465.8,75868.8,74976.1,70537.4,75868.4,,,0.6,135.3,7,43438.6,25468.6,33247.4,107153
0.8,90233.5,89143.6,85351.3,75932,73058.9,76103.2,,,0.8,127.8,6.2,45025.4,26656.5,33442.1,91033.1
1,92028.1,90881.6,89420.6,78762.9,75685.4,74374.3,,,1,45.1,6.3,33693.7,1843.6,33125.6,2028.7
